CREATE SCHEMA IF NOT EXISTS estudodecaso5_BD;

USE estudodecaso5_BD;

#1. EXEMPLOS DE 5 INSERTS POR TABELA

#INSERTS PARA CLIENTES 
INSERT INTO CLIENTES (CLIENTE_CPF, CLIENTE_NOME, CLIENTE_DATANASC, CLIENTE_STATUSFID, CLIENTE_RUA, CLIENTE_NUMRUA, CLIENTE_BAIRRO, CLIENTE_REFERENCIA, CLIENTE_CIDADE, CLIENTE_ESTADO, CLIENTE_CEP, CLIENTE_PAIS)
VALUES ('12345678901', 'João Silva', '1990-05-15', 'ATIVO', 'Rua A', 123, 'Bairro X', 'Perto da praça', 'Cidade Y', 'Estado Z', '12345678', 'Brasil');

INSERT INTO CLIENTES (CLIENTE_CPF, CLIENTE_NOME, CLIENTE_DATANASC, CLIENTE_STATUSFID, CLIENTE_RUA, CLIENTE_NUMRUA, CLIENTE_BAIRRO, CLIENTE_REFERENCIA, CLIENTE_CIDADE, CLIENTE_ESTADO, CLIENTE_CEP, CLIENTE_PAIS)
VALUES ('23456789012', 'Maria Oliveira', '1985-03-22', 'ATIVO', 'Rua B', 456, 'Bairro Y', 'Em frente ao supermercado', 'Cidade X', 'Estado Y', '23456789', 'Brasil');

INSERT INTO CLIENTES (CLIENTE_CPF, CLIENTE_NOME, CLIENTE_DATANASC, CLIENTE_STATUSFID, CLIENTE_RUA, CLIENTE_NUMRUA, CLIENTE_BAIRRO, CLIENTE_REFERENCIA, CLIENTE_CIDADE, CLIENTE_ESTADO, CLIENTE_CEP, CLIENTE_PAIS)
VALUES ('34567890123', 'Carlos Almeida', '1992-07-10', 'INATIVO', 'Rua C', 789, 'Bairro Z', 'Perto da escola', 'Cidade Z', 'Estado X', '34567890', 'Brasil');

INSERT INTO CLIENTES (CLIENTE_CPF, CLIENTE_NOME, CLIENTE_DATANASC, CLIENTE_STATUSFID, CLIENTE_RUA, CLIENTE_NUMRUA, CLIENTE_BAIRRO, CLIENTE_REFERENCIA, CLIENTE_CIDADE, CLIENTE_ESTADO, CLIENTE_CEP, CLIENTE_PAIS)
VALUES ('45678901234', 'Ana Souza', '1995-11-05', 'ATIVO', 'Rua D', 101, 'Bairro W', 'Perto do posto de gasolina', 'Cidade W', 'Estado Z', '45678901', 'Brasil');

INSERT INTO CLIENTES (CLIENTE_CPF, CLIENTE_NOME, CLIENTE_DATANASC, CLIENTE_STATUSFID, CLIENTE_RUA, CLIENTE_NUMRUA, CLIENTE_BAIRRO, CLIENTE_REFERENCIA, CLIENTE_CIDADE, CLIENTE_ESTADO, CLIENTE_CEP, CLIENTE_PAIS)
VALUES ('56789012345', 'Pedro Costa', '2000-01-20', 'INATIVO', 'Rua E', 202, 'Bairro V', 'Perto do hospital', 'Cidade V', 'Estado W', '56789012', 'Brasil');

#INSERTS PARA PRODUTOS  
INSERT INTO PRODUTOS (PROD_ID, PROD_NOME, PROD_QUANT, PROD_PRECO) VALUES (1, 'Produto A', 100, 19.99);

INSERT INTO PRODUTOS (PROD_ID, PROD_NOME, PROD_QUANT, PROD_PRECO) VALUES (2, 'Produto B', 150, 29.99);

INSERT INTO PRODUTOS (PROD_ID, PROD_NOME, PROD_QUANT, PROD_PRECO) VALUES (3, 'Produto C', 200, 39.99);

INSERT INTO PRODUTOS (PROD_ID, PROD_NOME, PROD_QUANT, PROD_PRECO) VALUES (4, 'Produto D', 250, 49.99);

INSERT INTO PRODUTOS (PROD_ID, PROD_NOME, PROD_QUANT, PROD_PRECO) VALUES (5, 'Produto E', 300, 59.99);

#INSERTS PARA FORNECEDORES

INSERT INTO FORNECEDORES (FORNEC_ID, FORNEC_NOME, FORNEC_CONTATO) VALUES (1, 'Fornecedor X', 'contato@fornecedorx.com');

INSERT INTO FORNECEDORES (FORNEC_ID, FORNEC_NOME, FORNEC_CONTATO) VALUES (2, 'Fornecedor Y', 'contato@fornecedory.com');

INSERT INTO FORNECEDORES (FORNEC_ID, FORNEC_NOME, FORNEC_CONTATO) VALUES (3, 'Fornecedor Z', 'contato@fornecedorz.com');

INSERT INTO FORNECEDORES (FORNEC_ID, FORNEC_NOME, FORNEC_CONTATO) VALUES (4, 'Fornecedor W', 'contato@fornecedorw.com');

INSERT INTO FORNECEDORES (FORNEC_ID, FORNEC_NOME, FORNEC_CONTATO) VALUES (5, 'Fornecedor V', 'contato@fornecedord.com');

#INSERTS PARA VENDAS
INSERT INTO VENDAS (VENDA_ID, VENDA_CLIENTE_CPF) VALUES (1, '12345678901');

INSERT INTO VENDAS (VENDA_ID, VENDA_CLIENTE_CPF) VALUES (2, '23456789012');

INSERT INTO VENDAS (VENDA_ID, VENDA_CLIENTE_CPF) VALUES (3, '34567890123');

INSERT INTO VENDAS (VENDA_ID, VENDA_CLIENTE_CPF) VALUES (4, '45678901234');

INSERT INTO VENDAS (VENDA_ID, VENDA_CLIENTE_CPF) VALUES (5, '56789012345');

#INSERTS PARA PAGAMENTOS 
INSERT INTO PAGAMENTOS (PAG_ID, PAG_DATA, PAG_VALOR, PAG_STATUS, PAG_VENDAID) VALUES (1, '2024-11-17', 100.00, 'PAGO', 1);

INSERT INTO PAGAMENTOS (PAG_ID, PAG_DATA, PAG_VALOR, PAG_STATUS, PAG_VENDAID) VALUES (2, '2024-11-18', 150.00, 'PAGO', 2);

INSERT INTO PAGAMENTOS (PAG_ID, PAG_DATA, PAG_VALOR, PAG_STATUS, PAG_VENDAID) VALUES (3, '2024-11-19', 200.00, 'NAO PAGO', 3);

INSERT INTO PAGAMENTOS (PAG_ID, PAG_DATA, PAG_VALOR, PAG_STATUS, PAG_VENDAID) VALUES (4, '2024-11-20', 250.00, 'PAGO', 4);

INSERT INTO PAGAMENTOS (PAG_ID, PAG_DATA, PAG_VALOR, PAG_STATUS, PAG_VENDAID) VALUES (5, '2024-11-21', 300.00, 'NAO PAGO', 5);

#INSERT PARA VENDAS_PRODUTOS
INSERT INTO VENDAS_PRODUTOS (VENDPROD_VENDAID, VEND_PROD_QNTVENDIDA, VEND_PROD_VALORVENDA, VENDPROD_PRODID) VALUES (1, 2, 39.98, 1);

INSERT INTO VENDAS_PRODUTOS (VENDPROD_VENDAID, VEND_PROD_QNTVENDIDA, VEND_PROD_VALORVENDA, VENDPROD_PRODID) VALUES (2, 1, 29.99, 2);

INSERT INTO VENDAS_PRODUTOS (VENDPROD_VENDAID, VEND_PROD_QNTVENDIDA, VEND_PROD_VALORVENDA, VENDPROD_PRODID) VALUES (3, 3, 89.97, 3);

INSERT INTO VENDAS_PRODUTOS (VENDPROD_VENDAID, VEND_PROD_QNTVENDIDA, VEND_PROD_VALORVENDA, VENDPROD_PRODID) VALUES (4, 4, 199.96, 4);

INSERT INTO VENDAS_PRODUTOS (VENDPROD_VENDAID, VEND_PROD_QNTVENDIDA, VEND_PROD_VALORVENDA, VENDPROD_PRODID) VALUES (5, 5, 299.95, 5);

#INSERT PARA PROD_FORNEC 
INSERT INTO PROD_FORNEC (PRODFORNEC_PRODID, PRODFORNEC_FORNECID) VALUES (1, 1);

INSERT INTO PROD_FORNEC (PRODFORNEC_PRODID, PRODFORNEC_FORNECID) VALUES (2, 2);

INSERT INTO PROD_FORNEC (PRODFORNEC_PRODID, PRODFORNEC_FORNECID) VALUES (3, 3);

INSERT INTO PROD_FORNEC (PRODFORNEC_PRODID, PRODFORNEC_FORNECID) VALUES (4, 4);

INSERT INTO PROD_FORNEC (PRODFORNEC_PRODID, PRODFORNEC_FORNECID) VALUES (5, 5); 

#2. EXEMPLO DE 2 UPDATES POR TABELA 

#UPDATE PARA CLIENTES
UPDATE CLIENTES SET CLIENTE_STATUSFID = 'INATIVO' WHERE CLIENTE_CPF = '1234567891';

UPDATE CLIENTES SET CLIENTE_RUA = 'Rua Nova', CLIENTE_BAIRRO = 'Bairro Novo', CLIENTE_CIDADE = 'Cidade Nova', CLIENTE_CEP = '98765432' WHERE CLIENTE_CPF = '2345789012';

#UPDATE PARA PRODUTOS
UPDATE PRODUTOS SET PROD_QUANT = 120, PROD_PRECO = 21.99 WHERE PROD_ID = 1;

UPDATE PRODUTOS SET PROD_NOME = 'Produto F' WHERE PROD_ID = 5;

#UPDATE PARA FORNECEDORES
UPDATE FORNECEDORES SET FORNEC_NOME = 'Fornecedor XX', FORNEC_CONTATO = 'novoemail@fornecedorxx.com' WHERE FORNEC_ID = 1;

UPDATE FORNECEDORES SET FORNEC_CONTATO = 'contato@fornecedorz.com' WHERE FORNEC_NOME = 'Fornecedor Z';

#UPDATE PARA VENDAS
UPDATE VENDAS SET VENDA_CLIENTE_CPF = '23456789012' WHERE VENDA_ID = 1;

UPDATE VENDAS SET VENDA_CLIENTE_CPF = '34567890123' WHERE VENDA_ID = 3 AND VENDA_CLIENTE_CPF = '12345678901';

#UPDATE PARA PAGAMENTOS
UPDATE PAGAMENTOS SET PAG_STATUS = 'PAGO' WHERE PAG_VENDAID = 1;

UPDATE PAGAMENTOS SET PAG_VALOR = 250.00 WHERE PAG_VENDAID = 3 AND PAG_STATUS = 'NAO PAGO';

#UPDATE PARA VENDAS_PRODUTOS
UPDATE VENDAS_PRODUTOS SET VEND_PROD_QNTVENDIDA = 5, VEND_PROD_VALORVENDA = 99.95 WHERE VENDPROD_VENDAID = 1 AND VENDPROD_PRODID = 1;

UPDATE VENDAS_PRODUTOS SET VEND_PROD_VALORVENDA = 149.95 WHERE VENDPROD_VENDAID = 2 AND VENDPROD_PRODID = 2;

#UPDATE PARA PROD_FORNEC 
UPDATE PROD_FORNEC SET PRODFORNEC_FORNECID = 2 WHERE PRODFORNEC_PRODID = 1;

UPDATE PROD_FORNEC SET PRODFORNEC_PRODID = 5 WHERE PRODFORNEC_FORNECID = 3;

#3. EXEMPLO DE 1 DELETE POR TABELA
DELETE FROM PAGAMENTOS WHERE PAG_VENDAID = 2;

DELETE FROM VENDAS_PRODUTOS WHERE VENDPROD_VENDAID = 3 AND VENDPROD_PRODID = 5;

DELETE FROM PROD_FORNEC WHERE PRODFORNEC_PRODID = 1 AND PRODFORNEC_FORNECID = 3;

DELETE FROM CLIENTES WHERE CLIENTE_CPF = '2345789012';

DELETE FROM PRODUTOS WHERE PROD_ID = 3;

DELETE FROM FORNECEDORES WHERE FORNEC_ID = 2;

DELETE FROM VENDAS WHERE VENDA_ID = 4;