#1. EXEMPLOS DE 5 INSERTS POR TABELA

#INSERTS PARA INSTRUTORES 
INSERT INTO INSTRUTORES (INST_ID, INST_NOME) VALUES (1, 'João Silva'); 

INSERT INTO INSTRUTORES (INST_ID, INST_NOME) VALUES (2, 'Maria Oliveira');

INSERT INTO INSTRUTORES (INST_ID, INST_NOME) VALUES (3, 'Carlos Souza');

INSERT INTO INSTRUTORES (INST_ID, INST_NOME) VALUES (4, 'Patrícia Lima');

INSERT INTO INSTRUTORES (INST_ID, INST_NOME) VALUES (5, 'Fernanda Costa');

#INSERTS PARA MODALIDADES 
INSERT INTO MODALIDADES (MOD_ID, MOD_NOME) VALUES (1, 'Futebol');

INSERT INTO MODALIDADES (MOD_ID, MOD_NOME) VALUES (2, 'Natação');

INSERT INTO MODALIDADES (MOD_ID, MOD_NOME) VALUES (3, 'Vôlei');

INSERT INTO MODALIDADES (MOD_ID, MOD_NOME) VALUES (4, 'Basquete');

INSERT INTO MODALIDADES (MOD_ID, MOD_NOME) VALUES (5, 'Boxe');

#INSERTS PARA ALUNOS
INSERT INTO ALUNOS (ALUNO_ID, ALUNO_NOME, ALUNO_CPF, ALUNO_DATANASC, ALUNO_CEP, ALUNO_NUMRUA, ALUNO_RUA, ALUNO_BAIRRO, ALUNO_CIDADE, ALUNO_ESTADO, ALUNO_PAIS, ALUNO_UF) 
VALUES (1, 'Aluno A', '12345670', '2000-01-01', '12345678', '123', 'Rua A', 'Bairro A', 'Cidade A', 'Estado A', 'País A', 'SP');

INSERT INTO ALUNOS (ALUNO_ID, ALUNO_NOME, ALUNO_CPF, ALUNO_DATANASC, ALUNO_CEP, ALUNO_NUMRUA, ALUNO_RUA, ALUNO_BAIRRO, ALUNO_CIDADE, ALUNO_ESTADO, ALUNO_PAIS, ALUNO_UF) 
VALUES (2, 'Aluno B', '23456789', '2001-02-01', '23456789', '456', 'Rua B', 'Bairro B', 'Cidade B', 'Estado B', 'País B', 'RJ');

INSERT INTO ALUNOS (ALUNO_ID, ALUNO_NOME, ALUNO_CPF, ALUNO_DATANASC, ALUNO_CEP, ALUNO_NUMRUA, ALUNO_RUA, ALUNO_BAIRRO, ALUNO_CIDADE, ALUNO_ESTADO, ALUNO_PAIS, ALUNO_UF) 
VALUES (3, 'Aluno C', '34567800', '2002-03-01', '34567890', '789', 'Rua C', 'Bairro C', 'Cidade C', 'Estado C', 'País C', 'MG');

INSERT INTO ALUNOS (ALUNO_ID, ALUNO_NOME, ALUNO_CPF, ALUNO_DATANASC, ALUNO_CEP, ALUNO_NUMRUA, ALUNO_RUA, ALUNO_BAIRRO, ALUNO_CIDADE, ALUNO_ESTADO, ALUNO_PAIS, ALUNO_UF) 
VALUES (4, 'Aluno D', '45678900', '2003-04-01', '45678901', '101', 'Rua D', 'Bairro D', 'Cidade D', 'Estado D', 'País D', 'BA');

INSERT INTO ALUNOS (ALUNO_ID, ALUNO_NOME, ALUNO_CPF, ALUNO_DATANASC, ALUNO_CEP, ALUNO_NUMRUA, ALUNO_RUA, ALUNO_BAIRRO, ALUNO_CIDADE, ALUNO_ESTADO, ALUNO_PAIS, ALUNO_UF) 
VALUES (5, 'Aluno E', '56789000', '2004-05-01', '56789012', '202', 'Rua E', 'Bairro E', 'Cidade E', 'Estado E', 'País E', 'DF');

#INSERTS PARA AULAS
INSERT INTO AULAS (AULA_ID, AULA_CAPAC_ALUNOS, AULA_HORA, AULA_QNT_INSC, AULA_CAPAC, AULA_INST_ID) 
VALUES (1, 20, '09:00:00', 15, 30, 1);

INSERT INTO AULAS (AULA_ID, AULA_CAPAC_ALUNOS, AULA_HORA, AULA_QNT_INSC, AULA_CAPAC, AULA_INST_ID) 
VALUES (2, 25, '10:00:00', 18, 35, 2);

INSERT INTO AULAS (AULA_ID, AULA_CAPAC_ALUNOS, AULA_HORA, AULA_QNT_INSC, AULA_CAPAC, AULA_INST_ID) 
VALUES (3, 30, '11:00:00', 20, 40, 3);

INSERT INTO AULAS (AULA_ID, AULA_CAPAC_ALUNOS, AULA_HORA, AULA_QNT_INSC, AULA_CAPAC, AULA_INST_ID) 
VALUES (4, 15, '14:00:00', 12, 25, 4);

INSERT INTO AULAS (AULA_ID, AULA_CAPAC_ALUNOS, AULA_HORA, AULA_QNT_INSC, AULA_CAPAC, AULA_INST_ID) 
VALUES (5, 18, '15:00:00', 14, 28, 5);

#INSERTS PARA PAGAMENTOS 
INSERT INTO PAGAMENTOS (PAG_ID, PAG_DATA, PAG_VALOR, PAG_STATUS, ALUNOPAG_ID) VALUES (1, '2024-01-01', 150.00, 1, 1);

INSERT INTO PAGAMENTOS (PAG_ID, PAG_DATA, PAG_VALOR, PAG_STATUS, ALUNOPAG_ID) VALUES (2, '2024-02-01', 200.00, 1, 2);

INSERT INTO PAGAMENTOS (PAG_ID, PAG_DATA, PAG_VALOR, PAG_STATUS, ALUNOPAG_ID) VALUES (3, '2024-03-01', 250.00, 1, 3);

INSERT INTO PAGAMENTOS (PAG_ID, PAG_DATA, PAG_VALOR, PAG_STATUS, ALUNOPAG_ID) VALUES (4, '2024-04-01', 300.00, 1, 4);

INSERT INTO PAGAMENTOS (PAG_ID, PAG_DATA, PAG_VALOR, PAG_STATUS, ALUNOPAG_ID) VALUES (5, '2024-05-01', 350.00, 1, 5);

#INSERTS PARA ALUNO_AULA
INSERT INTO ALUNO_AULA (ALUNOAULA_ALUNOID, ALUNOAULA_AULAID) VALUES (1, 1);

INSERT INTO ALUNO_AULA (ALUNOAULA_ALUNOID, ALUNOAULA_AULAID) VALUES (2, 2);

INSERT INTO ALUNO_AULA (ALUNOAULA_ALUNOID, ALUNOAULA_AULAID) VALUES (3, 3);

INSERT INTO ALUNO_AULA (ALUNOAULA_ALUNOID, ALUNOAULA_AULAID) VALUES (4, 4);

INSERT INTO ALUNO_AULA (ALUNOAULA_ALUNOID, ALUNOAULA_AULAID) VALUES (5, 5);

#INSERTS PARA PLANO_TREINAMENTO
INSERT INTO PLANO_TREINAMENTO (PLANTREINO_ID, PLANTREINO_DESC, PLANTREINO_DATACRIAÇÃO, PLANTREINO_DATAATT, ALUNO_TREINO_ID, PT_INSTMOD_INST_ID, PT_INSTMOD_MOD_ID) 
VALUES (1, 'Plano A', '2024-01-01', '2024-02-01', 1, 1, 1);

INSERT INTO PLANO_TREINAMENTO (PLANTREINO_ID, PLANTREINO_DESC, PLANTREINO_DATACRIAÇÃO, PLANTREINO_DATAATT, ALUNO_TREINO_ID, PT_INSTMOD_INST_ID, PT_INSTMOD_MOD_ID) 
VALUES (2, 'Plano B', '2024-02-01', '2024-03-01', 2, 2, 2);

INSERT INTO PLANO_TREINAMENTO (PLANTREINO_ID, PLANTREINO_DESC, PLANTREINO_DATACRIAÇÃO, PLANTREINO_DATAATT, ALUNO_TREINO_ID, PT_INSTMOD_INST_ID, PT_INSTMOD_MOD_ID) 
VALUES (3, 'Plano C', '2024-03-01', '2024-04-01', 3, 3, 3);

INSERT INTO PLANO_TREINAMENTO (PLANTREINO_ID, PLANTREINO_DESC, PLANTREINO_DATACRIAÇÃO, PLANTREINO_DATAATT, ALUNO_TREINO_ID, PT_INSTMOD_INST_ID, PT_INSTMOD_MOD_ID) 
VALUES (4, 'Plano D', '2024-04-01', '2024-05-01', 4, 4, 4);

INSERT INTO PLANO_TREINAMENTO (PLANTREINO_ID, PLANTREINO_DESC, PLANTREINO_DATACRIAÇÃO, PLANTREINO_DATAATT, ALUNO_TREINO_ID, PT_INSTMOD_INST_ID, PT_INSTMOD_MOD_ID) 
VALUES (5, 'Plano E', '2024-05-01', '2024-06-01', 5, 5, 5);

#2. EXEMPLO DE 2 UPDATES POR TABELA 

#UPDATE PARA ALUNOS
UPDATE ALUNOS 
SET ALUNO_NOME = 'João Silva', ALUNO_CIDADE = 'São Paulo' 
WHERE ALUNO_ID = 1;

UPDATE ALUNOS 
SET ALUNO_UF = 'SP', ALUNO_BAIRRO = 'Centro' 
WHERE ALUNO_ID = 2;

#UPDATE PARA INSTRUTORES
UPDATE INSTRUTORES 
SET INST_NOME = 'Carlos Souza' 
WHERE INST_ID = 1;

UPDATE INSTRUTORES 
SET INST_NOME = 'Fernanda Lima' 
WHERE INST_ID = 2;

#UPDATE PARA MODALIDADES
UPDATE MODALIDADES 
SET MOD_NOME = 'Yoga' 
WHERE MOD_ID = 1;

UPDATE MODALIDADES 
SET MOD_NOME = 'Pilates' 
WHERE MOD_ID = 2;

#UPDATE PARA PAGAMENTOS 
UPDATE PAGAMENTOS 
SET PAG_VALOR = 180.00, PAG_STATUS = 1 
WHERE PAG_ID = 1 AND ALUNOPAG_ID = 1;

UPDATE PAGAMENTOS 
SET PAG_VALOR = 220.00, PAG_STATUS = 1 
WHERE PAG_ID = 2 AND ALUNOPAG_ID = 2;

#UPDATE PARA INST_MOD
UPDATE INST_MOD 
SET INSTMOD_INST_ID = 2, INSTMOD_MOD_ID = 3 
WHERE INSTMOD_INST_ID = 1 AND INSTMOD_MOD_ID = 1;

UPDATE INST_MOD 
SET INSTMOD_INST_ID = 3, INSTMOD_MOD_ID = 4 
WHERE INSTMOD_INST_ID = 2 AND INSTMOD_MOD_ID = 2;

#UPDATE PARA AULAS
UPDATE AULAS 
SET AULA_CAPAC_ALUNOS = 30, AULA_QNT_INSC = 25 
WHERE AULA_ID = 1 AND AULA_INST_ID = 1;

UPDATE AULAS 
SET AULA_CAPAC_ALUNOS = 40, AULA_QNT_INSC = 35 
WHERE AULA_ID = 2 AND AULA_INST_ID = 2;

#UPDATE PARA ALUNO_AULA
UPDATE ALUNO_AULA 
SET ALUNOAULA_AULAID = 2 
WHERE ALUNOAULA_ALUNOID = 1 AND ALUNOAULA_AULAID = 1;

UPDATE ALUNO_AULA 
SET ALUNOAULA_AULAID = 3 
WHERE ALUNOAULA_ALUNOID = 2 AND ALUNOAULA_AULAID = 2;

#UPDATE PARA PLANO_TREINAMENTO

UPDATE PLANO_TREINAMENTO 
SET PLANTREINO_DESC = 'Plano Intensivo', PLANTREINO_DATAATT = '2024-02-01' 
WHERE PLANTREINO_ID = 1 AND ALUNO_TREINO_ID = 1;

UPDATE PLANO_TREINAMENTO 
SET PLANTREINO_DESC = 'Plano Básico', PLANTREINO_DATAATT = '2024-03-01' 
WHERE PLANTREINO_ID = 2 AND ALUNO_TREINO_ID = 2;

#3. EXEMPLO DE 1 DELETE POR TABELA

DELETE FROM ALUNOS WHERE ALUNO_ID = 1;

DELETE FROM INSTRUTORES WHERE INST_ID = 2;

DELETE FROM MODALIDADES WHERE MOD_ID = 3;

DELETE FROM PAGAMENTOS WHERE PAG_ID = 1 AND ALUNOPAG_ID = 1;

DELETE FROM INST_MOD WHERE INSTMOD_INST_ID = 1 AND INSTMOD_MOD_ID = 2;

DELETE FROM AULAS WHERE AULA_ID = 1 AND AULA_INST_ID = 1;

DELETE FROM ALUNO_AULA WHERE ALUNOAULA_ALUNOID = 1 AND ALUNOAULA_AULAID = 2;

DELETE FROM PLANO_TREINAMENTO WHERE PLANTREINO_ID = 1 AND ALUNO_TREINO_ID = 1 AND PT_INSTMOD_INST_ID = 2 AND PT_INSTMOD_MOD_ID = 3;

