#1. EXEMPLOS DE 5 INSERTS POR TABELA

#INSERTS PARA PASSAGEITOS
INSERT INTO PASSAGEIROS (PASS_CPF, PASS_NOME, PASS_TEL, PASS_EMAIL, PASS_CEP, PASS_NUMRUA, PASS_RUA, PASS_BAIRRO, PASS_CIDADE, PASS_ESTADO, PASS_PAIS)
VALUES ('1234567890', 'João Silva', '987654321', 'joao.silva@email.com', '12345678', '123', 'Rua A', 'Bairro X', 'Cidade Y', 'Estado Z', 'Brasil');

INSERT INTO PASSAGEIROS (PASS_CPF, PASS_NOME, PASS_TEL, PASS_EMAIL, PASS_CEP, PASS_NUMRUA, PASS_RUA, PASS_BAIRRO, PASS_CIDADE, PASS_ESTADO, PASS_PAIS)
VALUES ('2345678901', 'Maria Oliveira', '912345678', 'maria.oliveira@email.com', '23456789', '456', 'Rua B', 'Bairro Y', 'Cidade Z', 'Estado W', 'Brasil');

INSERT INTO PASSAGEIROS (PASS_CPF, PASS_NOME, PASS_TEL, PASS_EMAIL, PASS_CEP, PASS_NUMRUA, PASS_RUA, PASS_BAIRRO, PASS_CIDADE, PASS_ESTADO, PASS_PAIS)
VALUES ('3456789012', 'Carlos Souza', '923456789', 'carlos.souza@email.com', '34567890', '789', 'Rua C', 'Bairro Z', 'Cidade X', 'Estado Y', 'Brasil');

INSERT INTO PASSAGEIROS (PASS_CPF, PASS_NOME, PASS_TEL, PASS_EMAIL, PASS_CEP, PASS_NUMRUA, PASS_RUA, PASS_BAIRRO, PASS_CIDADE, PASS_ESTADO, PASS_PAIS)
VALUES ('4567890123', 'Ana Costa', '934567890', 'ana.costa@email.com', '45678901', '101', 'Rua D', 'Bairro W', 'Cidade W', 'Estado X', 'Brasil');

INSERT INTO PASSAGEIROS (PASS_CPF, PASS_NOME, PASS_TEL, PASS_EMAIL, PASS_CEP, PASS_NUMRUA, PASS_RUA, PASS_BAIRRO, PASS_CIDADE, PASS_ESTADO, PASS_PAIS)
VALUES ('5678901234', 'Luiz Martins', '945678901', 'luiz.martins@email.com', '56789012', '202', 'Rua E', 'Bairro V', 'Cidade V', 'Estado W', 'Brasil');

#INSERTS PARA AEROPORTOS
INSERT INTO AEROPORTOS (AEROP_COD, AEROP_NOME, AEROP_CIDADE, AEROP_PAIS, AEROP_LATITUDE, AEROP_LONGITUDE)
VALUES (1, 'Aeroporto Internacional de São Paulo', 'São Paulo', 'Brasil', -23.425, -46.475);

INSERT INTO AEROPORTOS (AEROP_COD, AEROP_NOME, AEROP_CIDADE, AEROP_PAIS, AEROP_LATITUDE, AEROP_LONGITUDE)
VALUES (2, 'Aeroporto Internacional do Rio de Janeiro', 'Rio de Janeiro', 'Brasil', -22.810, -43.251);

INSERT INTO AEROPORTOS (AEROP_COD, AEROP_NOME, AEROP_CIDADE, AEROP_PAIS, AEROP_LATITUDE, AEROP_LONGITUDE)
VALUES (3, 'Aeroporto de Salvador', 'Salvador', 'Brasil', -12.908, -38.322);

INSERT INTO AEROPORTOS (AEROP_COD, AEROP_NOME, AEROP_CIDADE, AEROP_PAIS, AEROP_LATITUDE, AEROP_LONGITUDE)
VALUES (4, 'Aeroporto Internacional de Brasília', 'Brasília', 'Brasil', -15.869, -47.924);

INSERT INTO AEROPORTOS (AEROP_COD, AEROP_NOME, AEROP_CIDADE, AEROP_PAIS, AEROP_LATITUDE, AEROP_LONGITUDE)
VALUES (5, 'Aeroporto Internacional de Curitiba', 'Curitiba', 'Brasil', -25.530, -49.175);

#INSERTS PARA AERONAVES 
INSERT INTO AERONAVES (AERON_PREFIXO, AERON_MODELO, AERON_ANOFABR, AERON_FABRICANTE, AERON_CAPACIDADE, AERON_AUTONOMIA)
VALUES ('AB123', 'Boeing 737', 2020, 'Boeing', 180, '5000 km');

INSERT INTO AERONAVES (AERON_PREFIXO, AERON_MODELO, AERON_ANOFABR, AERON_FABRICANTE, AERON_CAPACIDADE, AERON_AUTONOMIA)
VALUES ('CD456', 'Airbus A320', 2019, 'Airbus', 150, '4500 km');

INSERT INTO AERONAVES (AERON_PREFIXO, AERON_MODELO, AERON_ANOFABR, AERON_FABRICANTE, AERON_CAPACIDADE, AERON_AUTONOMIA)
VALUES ('EF789', 'Embraer E175', 2021, 'Embraer', 80, '3500 km');

INSERT INTO AERONAVES (AERON_PREFIXO, AERON_MODELO, AERON_ANOFABR, AERON_FABRICANTE, AERON_CAPACIDADE, AERON_AUTONOMIA)
VALUES ('GH101', 'Boeing 787', 2018, 'Boeing', 300, '7000 km');

INSERT INTO AERONAVES (AERON_PREFIXO, AERON_MODELO, AERON_ANOFABR, AERON_FABRICANTE, AERON_CAPACIDADE, AERON_AUTONOMIA)
VALUES ('IJ202', 'Airbus A350', 2022, 'Airbus', 350, '8000 km');

#INSERTS PARA FUNCIONÁRIOS
INSERT INTO FUNCIONARIOS (FUNC_ID, FUNC_NOME, FUNC_DATANASC, FUNC_CEP, FUNC_RUA, FUNC_BAIRRO, FUNC_CIDADE, FUNC_ESTADO, FUNC_PAIS, FUNC_CPF, FUNC_FUNCAO)
VALUES (1, 'Pedro Souza', '1985-06-15', '12345678', 'Rua Central', 'Bairro Alto', 'São Paulo', 'SP', 'Brasil', '12345678901', 'Piloto');

INSERT INTO FUNCIONARIOS (FUNC_ID, FUNC_NOME, FUNC_DATANASC, FUNC_CEP, FUNC_RUA, FUNC_BAIRRO, FUNC_CIDADE, FUNC_ESTADO, FUNC_PAIS, FUNC_CPF, FUNC_FUNCAO)
VALUES (2, 'Maria Oliveira', '1990-04-10', '23456789', 'Rua Leste', 'Bairro Sul', 'Rio de Janeiro', 'RJ', 'Brasil', '23456789012', 'Comissária');

INSERT INTO FUNCIONARIOS (FUNC_ID, FUNC_NOME, FUNC_DATANASC, FUNC_CEP, FUNC_RUA, FUNC_BAIRRO, FUNC_CIDADE, FUNC_ESTADO, FUNC_PAIS, FUNC_CPF, FUNC_FUNCAO)
VALUES (3, 'Carlos Martins', '1982-02-20', '34567890', 'Rua Norte', 'Bairro Oeste', 'Curitiba', 'PR', 'Brasil', '34567890123', 'Engenheiro');

INSERT INTO FUNCIONARIOS (FUNC_ID, FUNC_NOME, FUNC_DATANASC, FUNC_CEP, FUNC_RUA, FUNC_BAIRRO, FUNC_CIDADE, FUNC_ESTADO, FUNC_PAIS, FUNC_CPF, FUNC_FUNCAO)
VALUES (4, 'Ana Costa', '1995-09-30', '45678901', 'Rua Oeste', 'Bairro Leste', 'Brasília', 'DF', 'Brasil', '45678901234', 'Assistente Administrativo');

INSERT INTO FUNCIONARIOS (FUNC_ID, FUNC_NOME, FUNC_DATANASC, FUNC_CEP, FUNC_RUA, FUNC_BAIRRO, FUNC_CIDADE, FUNC_ESTADO, FUNC_PAIS, FUNC_CPF, FUNC_FUNCAO)
VALUES (5, 'Luiz Costa', '1988-12-05', '56789012', 'Rua Sul', 'Bairro Norte', 'Salvador', 'BA', 'Brasil', '56789012345', 'Técnico de Manutenção');

#INSERTS PARA VOOS
INSERT INTO VOOS (VOO_ID, VOO_DATA, VOO_HORA, VOO_AEROP_ORIGEM, VOO_AEROP_DEST, VOO_AERONAVE)
VALUES (2, '2024-11-21', '14:45:00', 2, 3, 'CD456');

INSERT INTO VOOS (VOO_ID, VOO_DATA, VOO_HORA, VOO_AEROP_ORIGEM, VOO_AEROP_DEST, VOO_AERONAVE)
VALUES (3, '2024-11-22', '09:00:00', 3, 4, 'EF789');

INSERT INTO VOOS (VOO_ID, VOO_DATA, VOO_HORA, VOO_AEROP_ORIGEM, VOO_AEROP_DEST, VOO_AERONAVE)
VALUES (4, '2024-11-23', '18:30:00', 4, 5, 'GH101');

INSERT INTO VOOS (VOO_ID, VOO_DATA, VOO_HORA, VOO_AEROP_ORIGEM, VOO_AEROP_DEST, VOO_AERONAVE)
VALUES (5, '2024-11-24', '13:15:00', 5, 1, 'IJ202');

#INSERTS PARA EQUIPES
INSERT INTO EQUIPES (VOO_ID, FUNC_ID)
VALUES (1, 1);

INSERT INTO EQUIPES (VOO_ID, FUNC_ID)
VALUES (2, 2);

INSERT INTO EQUIPES (VOO_ID, FUNC_ID)
VALUES (3, 3);

INSERT INTO EQUIPES (VOO_ID, FUNC_ID)
VALUES (4, 4);

INSERT INTO EQUIPES (VOO_ID, FUNC_ID)
VALUES (5, 5);

#INSERTS PARA RESERVAS 
INSERT INTO RESERVAS (RESERVA_COD, PASS_CPF, VOO_ID)
VALUES (1, 12345678901, 1);

INSERT INTO RESERVAS (RESERVA_COD, PASS_CPF, VOO_ID)
VALUES (2, 23456789012, 2);

INSERT INTO RESERVAS (RESERVA_COD, PASS_CPF, VOO_ID)
VALUES (3, 34567890123, 3);

INSERT INTO RESERVAS (RESERVA_COD, PASS_CPF, VOO_ID)
VALUES (4, 45678901234, 4);

INSERT INTO RESERVAS (RESERVA_COD, PASS_CPF, VOO_ID)
VALUES (5, 56789012345, 5);


#2. EXEMPLO DE 2 UPDATES POR TABELA 

#UPDATE PARA PASSAGEIROS
UPDATE PASSAGEIROS SET PASS_NOME = 'João Silva', PASS_EMAIL = 'joao.silva@example.com' WHERE PASS_CPF = 123456789;

UPDATE PASSAGEIROS SET PASS_TEL = '99988-7766', PASS_CIDADE = 'São Paulo' WHERE PASS_CEP = '12345678';

#UPDATE PARA AEROPORTOS 
UPDATE AEROPORTOS SET AEROP_NOME = 'Aeroporto Internacional', AEROP_CIDADE = 'Rio de Janeiro' WHERE AEROP_COD = 1;

UPDATE AEROPORTOS SET AEROP_LATITUDE = -22.808056, AEROP_LONGITUDE = -43.243333 WHERE AEROP_NOME = 'Aeroporto Internacional';

#UPDATE PARA AERONAVES
UPDATE AERONAVES SET AERON_MODELO = 'Boeing 747', AERON_CAPACIDADE = 400 WHERE AERON_PREFIXO = 'PT-ABC';

UPDATE AERONAVES SET AERON_FABRICANTE = 'Airbus', AERON_AUTONOMIA = '12000 km' WHERE AERON_ANOFABR = 2015;

#UPDATE PARA FUNCIONARIOS 
UPDATE FUNCIONARIOS SET FUNC_NOME = 'Maria Santos', FUNC_FUNCAO = 'Piloto' WHERE FUNC_ID = 10;

UPDATE FUNCIONARIOS SET FUNC_ESTADO = 'SP', FUNC_CIDADE = 'Campinas' WHERE FUNC_CPF = '12345678901';

#UPDATE PARA VOOS
UPDATE VOOS SET VOO_HORA = '15:30:00', VOO_AERONAVE = 'PT-XYZ' WHERE VOO_ID = 101;

UPDATE VOOS SET VOO_AEROP_ORIGEM = 2, VOO_AEROP_DEST = 3 WHERE VOO_DATA = '2024-12-25';

#UPDATE PARA EQUIPES
UPDATE EQUIPES SET FUNC_ID = 12 WHERE VOO_ID = 101 AND FUNC_ID = 10;

UPDATE EQUIPES SET VOO_ID = 202 WHERE FUNC_ID = 15;

#UPDATE PARA RESERVAS 
UPDATE RESERVAS SET PASS_CPF = 987654321 WHERE RESERVA_COD = 1001;

UPDATE RESERVAS SET VOO_ID = 303 WHERE PASS_CPF = 123456789;

#3. EXEMPLO DE 1 DELETE POR TABELA
DELETE FROM PASSAGEIROS WHERE PASS_CPF = 123456789;

DELETE FROM AEROPORTOS WHERE AEROP_COD = 1;

DELETE FROM AERONAVES WHERE AERON_PREFIXO = 'PT-ABC';

DELETE FROM FUNCIONARIOS WHERE FUNC_ID = 10;

DELETE FROM VOOS WHERE VOO_ID = 101;

DELETE FROM EQUIPES WHERE VOO_ID = 101 AND FUNC_ID = 12;

DELETE FROM RESERVAS WHERE RESERVA_COD = 1001;
